Track URI,Track Name,Album Name,Artist Name(s),Release Date,Duration (ms),Popularity,Explicit,Added By,Added At,Genres,Record Label,Danceability,Energy,Key,Loudness,Mode,Speechiness,Acousticness,Instrumentalness,Liveness,Valence,Tempo,Time Signature,lyrics
spotify:track:5ou2nZT8UQJn1nuiUxAyjs,Ain't No Sunshine,Got To Be There,Michael Jackson,1972-01-24,253466,53,False,jn3vg545bmz7gns7tlnk04mcm,2026-05-14T18:04:19Z,,Motown,0.529,0.616,5,-9.903,0,0.0511,0.0281,2.15e-05,0.0796,0.736,151.991,4,"[Intro]
You ever want something
That you know you shouldn't have
The more you know you shouldn't have it
The more you want it
And then one day, you get it
It's so good to you
But it's just like my girl
When she's around me
I just feel so good, so good
But right now, I just feel cold, so cold
Right down to my bones
'Cause ooh

[Chorus]
Ain't no sunshine when she's gone
It's not warm when she's away
Ain't no sunshine when she's gone
And she's always gone too long
Anytime she goes away, hey

[Verse 1]
Wonder this time where she's gone
Wonder if she's gone to stay
Ain't no sunshine when she's gone
And this house just ain't no home
Anytime she goes away
(Anytime she goes away) Mmm

[Bridge]
I know, I know, I know, I know
Oh, I know, I know, I know, know
I know, know, know, know, know
Oh, I know, I know
Hey, I ought to leave (Ought to leave)
I ought to leave her alone
Ain't no sunshine when she's gone
(Ain't no sunshine when she's gone)

[Verse 2]
Ain't no sunshine when she's gone
(Ain't no sunshine when she's gone)
Only darkness every day
(Only darkness every day)
Ain't no sunshine when she's gone
And this house just ain't no home
Anytime she goes away
(Anytime she goes away)

[Bridge]
(Ain't no sun) Oh
(Ain't no sun)
(Na-na-na-na na-na-na) Oh
(Na-na-na) Oh, oh
Anytime she goes away

[Chorus]
Ain't no sun
(Ain't no sunshine when she's gone)
When she's gone
(It's not warm when she's away)
It's not warm when she's away
(Ain't no sunshine when she's gone)
And she's always gone too long
Anytime she goes away

[Outro]
(Ain't no sunshine when she's gone)
(It's not warm when she's away)
Anytime she goes away
(Only darkness every day)
(Ain't no sunshine when she's gone)
Whenever that little girl goes away
Na, na, na, na, na
(It's not warm when she's away)
(Only darkness every day)
Anytime she goes away
(Ain't no sunshine when she's gone) Come on, now
(Ain't no sunshine when she's gone)
Come on, baby, anytime she goes away
(Only darkness every day) Na, na, na
(Ain't no sunshine when she's gone)
Oh, anytime she goes away
(Ain't no sunshine when she's gone) Na-na-na, oh
(Ain't no sunshine when she's gone)
Anytime when she goes away
(Ain't no sunshine when she's gone) Oh
(Ain't no sunshine when she's gone)"
spotify:track:3mnVgyzn5HC7Sqkn3B5zHs,I Wanna Be Where You Are,Got To Be There,Michael Jackson,1972-01-24,182786,55,False,jn3vg545bmz7gns7tlnk04mcm,2026-05-14T18:04:19Z,,Motown,0.605,0.843,4,-8.546,0,0.0604,0.469,0.00235,0.118,0.662,103.817,4,"[Intro]
(Oh!)

[Verse 1]
Can it be I stayed away too long?
Did I leave your mind when I was gone?
It's not my thing trying to get back
But this time, let me tell you where I'm at
You don't have to worry 'cause I'm coming (Ooh-ooh-ooh)
Back to where I should have always stayed (Ooh-ooh-ooh)
And now, I've learned the meaning to your story (Ooh-ooh)
And it's enough love for me to stay
Can it be I stayed away too long?
Did I leave your mind when I was gone?
Well, it's not my thing trying to get back
But this time, let me tell you where I'm at

[Chorus]
I wanna, wanna be where you are, oh-oh
Anywhere you are, oh-oh
I wanna, wanna be where you are, oh-oh
Everywhere you are, oh

[Verse 2]
Please don't close the door to our future (Ooh-ooh-ooh)
There's so many things we haven't tried (Ooh-ooh-ooh)
I will love you better than I used to (Ooh-ooh)
And give you all the love I have inside

[Bridge]
(Oh!)

[Chorus]
I wanna, wanna be where you are, oh-oh
Any, any, anywhere you are, oh-oh
I wanna, wanna be where you are, oh-oh
I gotta, gotta be where you are, oh-oh

[Outro]
I wanna be, I wanna be, oh
Yeah, yeah, baby, now
I wanna be, I wanna be, oh
Ooh, I wanna be, I wanna be, oh
Na-na, yeah-yeah
I wanna be, I wanna be, oh
I wanna be, I wanna be, oh
Na-na, baby
I wanna be, I wanna be, oh
I wanna be, I wanna be, oh
Ooh-ooh, baby"
spotify:track:2laojQD1QCqjvmMn8lFlPk,Girl Don't Take Your Love From Me,Got To Be There,Michael Jackson,1972-01-24,231013,47,False,jn3vg545bmz7gns7tlnk04mcm,2026-05-14T18:04:19Z,,Motown,0.485,0.583,2,-8.564,0,0.0264,0.212,0.0,0.0573,0.779,176.403,4,"[Intro]
(No, no, no)
(No, no, no) No, no
(No, no, no)
(No, no, no)
No, no (No, no, no)
(No, no, no)
Ooh

[Verse 1]
Foolish of me, I couldn't see
The forest for the trees
You've been so true
I've been so cruel to you
Oh, girl, please don't leave me

[Chorus]
If you stay, I'll find a way
To erase the past
Baby, don't leave me
Girl, don't take your love from me
Oh, girl

[Verse 2]
What can I say to make you stay?
Baby, don't leave me
You've been so kind
It blows my mind to know
Oh, girl, I really hurt you

[Chorus]
Tell me, girl, it's not too late
And you'll give me a chance
To make it up to you
Don't take your love from me
Girl, don't take your love
(No, no, no)
(No, no, no)
No, no, no, no, no (No, no, no)
Don't take your love (No, no, no)
(No, no, no)
Ooh (No, no, no)
(Don't take your, don't take your, don't take your love)

[Bridge]
Girl, if you take your love away from me (No, no, no)
I'm going to be in misery (No, no, no)
Your love is the strength that I lean upon (Don't take your love from me)
How will I make it when it's gone?
Of all the little things I wanted to say (No, no, no)
Or really wanted to do (No, no, no)
Girl, this time (No, no, no)
Ooh
Oh, girl, I really mean it

[Chorus]
So tell me, girl, it's not too late
And you'll give me a chance
To make it up to you
Don't take your love from me
Girl, don't take your love
(No, no, no)
(No, no, no)
No, no, no, no, no (No, no, no)
Don't take your love (No, no, no)
(No, no, no)
Don't leave me, girl (No, no, no)

[Outro]
Don't take your love from me (No, no, no)
Baby, don't take your love from me (No, no, no)
Ooh, don't take your love from me (No, no, no)
Baby, don't take your love from me (No, no, no)
Ooh, don't take your love from me (No, no, no)
Baby, don't take your love from me (No, no, no)"
spotify:track:6m6WAwH7v59fGJQz2luaXN,In Our Small Way,Got To Be There,Michael Jackson,1972-01-24,221933,44,False,jn3vg545bmz7gns7tlnk04mcm,2026-05-14T18:04:19Z,,Motown,0.299,0.477,4,-8.571,1,0.0281,0.508,0.0,0.156,0.581,180.979,4,"[Intro]
Maybe you and I can't do great things
We may not change the world in one day
But we still can change some things today
In our small way

[Verse 1]
Empty words are not enough
Where there's hurt, we'll be a crutch
When there's thirst, we'll fill each other's cup
Because we care, we love
Enough to share (Enough to share)

[Chorus]
Maybe you and I can't do great things (Do great things)
We may not change the world in one day
But we still can change some things today (Today)
In our small way

[Verse 2]
In despair, we'll be the hope (Be the hope)
And the prayer that frees the soul (Frees the soul)
We'll be there to share each lonely road (Lonely road)
Because we love, I know (I know)
We care enough, yeah (We care enough)

[Chorus]
Maybe you and I can't do great things (Do great things)
We may not change the world in one day
But we still can change some things today (Today)
In our small way

[Bridge]
Just a little time is all it takes (Just a little time is all it takes)
What a difference just a smile can make, you'll see (We've got)
Love is all we need (We've got love, yeah)

[Chorus]
Maybe you and I can't do great things
We may not change the world in one day
(But we still) But we still can change some things today
In our small way
(La-la-la la-la-la-la-la) Ooh
(La-la-la-la la-la-la la-la) Ooh
(La-la)
(La-la la-la la-la-la-la-la)
(La-la-la-la la-la-la la-la)"
spotify:track:6m6WAwH7v59fGJQz2luaXN,In Our Small Way,Got To Be There,Michael Jackson,1972-01-24,221933,44,False,jn3vg545bmz7gns7tlnk04mcm,2026-05-14T18:04:19Z,,Motown,0.299,0.477,4,-8.571,1,0.0281,0.508,0.0,0.156,0.581,180.979,4,"[Intro]
Maybe you and I can't do great things
We may not change the world in one day
But we still can change some things today
In our small way

[Verse 1]
Empty words are not enough
Where there's hurt, we'll be a crutch
When there's thirst, we'll fill each other's cup
Because we care, we love
Enough to share (Enough to share)

[Chorus]
Maybe you and I can't do great things (Do great things)
We may not change the world in one day
But we still can change some things today (Today)
In our small way

[Verse 2]
In despair, we'll be the hope (Be the hope)
And the prayer that frees the soul (Frees the soul)
We'll be there to share each lonely road (Lonely road)
Because we love, I know (I know)
We care enough, yeah (We care enough)

[Chorus]
Maybe you and I can't do great things (Do great things)
We may not change the world in one day
But we still can change some things today (Today)
In our small way

[Bridge]
Just a little time is all it takes (Just a little time is all it takes)
What a difference just a smile can make, you'll see (We've got)
Love is all we need (We've got love, yeah)

[Chorus]
Maybe you and I can't do great things
We may not change the world in one day
(But we still) But we still can change some things today
In our small way
(La-la-la la-la-la-la-la) Ooh
(La-la-la-la la-la-la la-la) Ooh
(La-la)
(La-la la-la la-la-la-la-la)
(La-la-la-la la-la-la la-la)"
spotify:track:08QvVJT8y6b0i2nH9mUeMj,Got To Be There - Single Version,Got To Be There,Michael Jackson,1972-01-24,204906,51,False,jn3vg545bmz7gns7tlnk04mcm,2026-05-14T18:04:19Z,,Motown,0.349,0.569,1,-9.512,1,0.0434,0.11,0.000122,0.0416,0.721,171.354,4,"[Verse 1]
I'm gonna make a change
For once in my life
Gonna feel real good
Gonna make a difference
Gonna make it right
As I turn up the collar on my favorite winter coat
This wind is blowin' my mind
See the kids in the street, with not enough to eat
Who am I to be blind, pretending not to see their needs

[Pre-Chorus]
A summer's disregard, a broken bottle top
And one man's soul
They follow each other on the wind, ya know
'Cause they got nowhere to go
That's why I want you to know

[Chorus]
I'm starting with the man in the mirror
I'm asking him to change his ways
And no message could have been any clearer
If you wanna make the world a better place
Take a look at yourself and then make a change

Na-na-na na-na-na nana-nana, uh-huh

[Verse 2]
I've been a victim of a selfish kinda love
It's time that I realize
There are some with no home
Not a nickel to loan
Could it be really me pretending that they're not alone

[Pre-Chorus]
A willow deeply scarred, somebody's broken heart
And a washed-out dream
They follow the pattern of the wind, ya see
'Cause they got no place to be
That's why I'm starting with me

[Chorus]
I'm starting with the man in the mirror (Who?)
I'm asking him to change his ways (Who?)
And no message could have been any clearer
If you wanna make the world a better place
Take a look at yourself and then make a change
I'm starting with the man in the mirror (Who?)
I'm asking him to change his ways (Who?)
And no message could have been any clearer
If you wanna make the world a better place
Take a look at yourself and then make that change
I'm starting with the man in the mirror (Man in the mirror, oh yeah)
I'm asking him to change his ways (Change his ways)
(Come on, change)
And no message could have been any clearer

[Bridge]
If you wanna make the world a better place
Take a look at yourself and then make the change
You gotta get it right, while you got the time
'Cause when you close your heart (You can't)
Then you close your mind (Close your, your mind)

[Chorus]
(That man, that man) I'm starting with the man in the mirror
(That man) Oh yeah
(That man, that man) I'm asking him to change his ways
(That man, the man) Change
And no message could have been any clearer
If you want to make the world a better place
Take a look at yourself and then make that
Change

[Outro]
Woo, woo (Na-na-na na-na-na nana-nana) woo, woo, woo, woo, woo
Gonna feel real good (Oh yeah)
Yeah, yeah, yeah, yeah (Na-na-na na-na-na nana-nana)
Oh no, oh no
I'm gonna make a change
It's gonna feel real good, shamone (Change)
Just lift yourself, you know
You've got to start with yourself (Yeah), hoo!
(Make that change) I gotta make that change today, woo!
(Man in the mirror) You got to, you got to not pick yourself, brother, hoo! (Yeah)
You know (Make that change)
I've gotta get that man, that man (Man in the mirror)
You got to, you got to move, shamone, shamone
You got to stand up (Yeah) stand up
(Make that change) Stand up, stand up and lift yourself now (Man in the mirror)
You know it, you know it, you know it, you know (Change)
Make that change"
spotify:track:63gcHyuhAC8G2C0bVQUOJI,Rockin' Robin,Got To Be There,Michael Jackson,1972-01-24,154840,62,False,jn3vg545bmz7gns7tlnk04mcm,2026-05-14T18:04:19Z,,Motown,0.622,0.721,10,-8.224,1,0.0983,0.24,7.88e-05,0.271,0.968,173.395,4,"[Intro]
Tweedily-deedily-dee, tweedily-deedily-dee
Tweedily-deedily dee, tweedily-deedily-dee
Tweedily-deedily dee, tweedily-deedily-dee
Tweet, tweet, tweet, tweet

[Pre-Chorus]
He rocks in the treetops all day long
Hoppin' and a-boppin' and singin' his song
All the little birdies on Jaybird Street
Love to hear the robin go tweet, tweet, tweet

[Chorus]
Rockin' robin, rock, rock
Rockin' robin
Blow, rockin' robin, 'cause we're really gonna rock tonight

[Verse 1]
Every little swallow, every chick-a-dee
Every little bird in the tall oak tree
The wise old owl, the big black crow
Flappin' their wings singin', ""Go, bird, go""

[Chorus]
Rockin' robin, rock, rock
Rockin' robin
Blow, rockin' robin, 'cause we're really gonna rock tonight

[Post-Chorus]
Yeah, yeah

[Verse 2]
Pretty little raven at the bird-band stand
Taught him how to do the bop and it was grand
They started goin' steady and a-bless my soul
He out-bopped the buzzard and the oriole

[Pre-Chorus]
He rocks in the treetops all day long
Hoppin' and a-boppin' and singin' his song
All the little birdies on Jaybird Street
Love to hear the robin go tweet, tweet, tweet

[Chorus]
Rockin' robin (Tweet, tweedily-dee), rock, rock
Rockin' robin (Tweet, tweedily-dee)
Blow, rockin' robin, 'cause we're really gonna rock tonight

[Verse 2]
Pretty little raven at the bird-band stand
Taught him how to do the bop and it was grand
Started goin' steady and a-bless my soul
He out-bopped the buzzard and the oriole

[Pre-Chorus]
He rocks in the tree tops all day long
Hoppin' and a-boppin' and singin' his song
All the little birdies on Jaybird Street
Love to hear the robin go tweet, tweet, tweet

[Chorus]
Rockin' robin (Tweet, tweedily-dee), rock, rock
Rockin' robin (Tweet, tweedily-dee)
Blow, rockin' robin, 'cause we're really gonna rock tonight

[Outro]
Tweedily-deedily-dee, tweedily-deedily-dee
Tweedily-deedily-dee, tweedily-deedily-dee
Tweedily-deedily-dee, tweedily-deedily-dee
Tweet, tweet"
spotify:track:5h6EHy1GvTcGrpedGZCPHL,Wings Of My Love,Got To Be There,Michael Jackson,1972-01-24,205026,43,False,jn3vg545bmz7gns7tlnk04mcm,2026-05-14T18:04:19Z,,Motown,0.593,0.486,0,-11.095,1,0.0305,0.282,0.0296,0.0844,0.589,118.724,3,"[Verse 1]
When this old world gets you down
When your spirit's on the ground
Just remember I will always be around
Just climb on the wings of my love
I'll take you high on the wings of my love

[Verse 2]
When you're feeling all alone
Like a child who's got no home
You know you've always got a place where you can go
Just climb on the wings of my love

[Chorus]
Like a beach that knows no boundaries with all the trees
As it rushes to the seas, darling, we'll be just as free
I'll lift your spirits high, our love will fly
We'll have heaven, blue skies, and forever sunshine

[Verse 3]
'Til you break those ties that bind
'Til the day you're really mine
Anytime you want to leave your world behind
Just climb on the wings of my love

[Bridge]
Do-doo-doo-do-doo
Do-doo-do-doo
Doo-do-doo-do-doo-do

[Chorus]
Oh, I'll lift your spirits high, our love will fly
We'll have heaven, blue skies, and forever sunshine

[Verse 4]
We've got rainbows yet to find
And we'll find them all in time
Girl, I know, someday, we'll even touch the sky
Just climb on the wings of my love

[Outro]
(Anytime) Anytime you want to leave your world behind
I'll take you high on the wings of my love
(Take my hand) Just take my hand and together, we'll touch the sky
Just climb on the wings of my love
(Just remember) Just remember I will always be around
I'll take you high on the wings of my love"
spotify:track:0w5Jpsn5Hr3CZkN2TvE681,Maria (You Were The Only One) - Single Version,Got To Be There,Michael Jackson,1972-01-24,222880,43,False,jn3vg545bmz7gns7tlnk04mcm,2026-05-14T18:04:19Z,,Motown,0.418,0.645,8,-8.879,1,0.0751,0.0273,1.59e-05,0.107,0.538,157.98,4,"8/1
Baby Bugs - ""You Can't Hide""
Charli xcx & Billie Eilish - ""Guess featuring Billie Eilish""
Cher - ""A Woman's Story""
Chino Chappin' - ""Deserve"" ft. Hunxho
Judah & the Lion - ""New Tattoo""
Rosa Linn & Talia Lahoud - ""Universe (Bi Gher Denyi)""

8/2
adore & vowl. - ""press play""
All Time Low - ""Dear Maria, Count Me In (ATL’s Version)""
Andy Grammar & Maddie & Tae - ""I Do""
A$AP Rocky - ""Highjack"" ft. Jessica Pratt
Audien - ""Living in Color"" ft. Jeoff Harris
Big Sean - ""On Up""
Bookish Songs Collective - ""Assisting the Villain""
Bryan Adams - ""Rock And Roll Hell""
DDG - ""Trickin'""
Dua Lipa - ""Illusion (Honey Dijon Remix)""
Ella Henderson & Switch Disco - ""Under The Sun (KC Lights Remix)"" ft. Alok
FLO - ""Check""
Gabbie Hanna - ""Alone In The Universe""
gavn! - ""Into The Woods""
Gabry Ponte, Steve Aoki & KEL - ""He's A Pirate (Save Me)""
JADE - ""Angel Of My Dreams (The Blessed Madonna Remix)""
Jelly Roll - ""Liar""
Jessie Murph - ""Dirty"" ft. Teddy Swims
Jimin - ""Be Mine (English Version)""
Jordan Adetunji - ""KEHLANI (REMIX)"" ft. Kehlani
KB & Scootie Wop - ""Check""
Lainey Wilson - ""Good Horses"" ft. Miranda Lambert
Lewis Thompson & Ebenezer - ""Better""
Lil Poppa - ""Bust Fire""
Lil Rae - ""Picture It Like This""
Lil Tjay - ""Took A While (Be Us)""
Maleah Frederick - ""Among the Stars""
Marilyn Manson - ""As Sick As The Secrets Within""
Masked Wolf & Lecrae - ""Give Me My Heart Back""
Mike WiLL Made-It - ""high3r"" ft. Lil Wayne & Lil Yachty
Mikayla Geier - ""Comatose""
Mimi Webb - ""Erase You""
Mudbaby Ru - ""40 Mo' Reasons""
MvkeyyJ & Don Ready - ""Stand On It""
NAV & Bay Swag - ""6AM Thoughts"" ft. Cash Cobain
Neoni - ""Dynasty""
NoCap - ""Maliboo""
Olivia O'Brien - ""out of your league (but i want you so bad)""
Polo G & Lil Durk - ""We Uh Shoot""
Quando Rondo - ""Gotta Do Better & Pray""
Ralo - ""Baby You Fine""
RealBleeda - ""Real One""
RÜFÜS DU SOL - ""Lately""
SAINt JHN - ""Humble""
Sam Smith & Alicia Keys - ""I'm Not the Only One""
Saweetie - ""My Best""
Shordie Shordie - ""What's Your Name?""
Sia - ""Immortal Queen (Chaka Khan & Eve Remix)"" ft. Chaka Khan & Eve
Skrilla - ""Bhrome Heart""
tan feelz - ""ouchie""
Tay B - ""ALL TEN"" ft. Lil Baby
The Offspring - ""Light It Up""
Tory Lanez - ""Know What You Need (Prison Tapes)""
Tory Lanez - ""Shots Come For Free (Prison Tapes)""
Wes Nelson & Billen Ted - ""Barcelona""
whoislincoln? - ""LATIN AMERICA"" ft. croyfromdwade
Wiz Khalifa - ""Baby Girl On The Way""

8/6
RaqBaby - ""How I Live""
Ron Suno - ""Liquor""

8/7
Brezden - ""Store Runner"" ft. Veeze
F.Charm - ""Apă de ploaie"" ft. Ansamblul Folcloric „Soleștenii”
Keung To (姜濤) - ""Every Single Time""
Money Man - ""Clear""
Moneysign Suede - ""Venom""
Sheff G - ""Own Lane""
Wizz Havinn - ""Leave It In Her""

8/8
BiC Fizzle - ""Coke Flow"" ft. Cootie
GARZI - ""Drag""
Luke Bryan - ""Closing Time in California""
MAGIC!, Akatu & FBC - ""Good Feeling About You (Brazilian Version)""
Michael Bublé - ""Don't Blame It On Me""
Shawn Mendes - ""Isn't That Enough""
Shawn Mendes - ""Why Why Why""
Snow Patrol - ""All""
Sultan + Shepard & The Kite String Tangle - ""Memories""

8/9
Addison Rae - ""Diet Pepsi""
Alesso, Nate Smith & Sentinel - ""I Like It (Alesso & Sentinel Remix)""
Alexandra Stan - ""Ocean""
Alex Warren - ""Carry You Home (Remix)"" ft. Ella Henderson
Alok, James Hurr & Supafly - ""Why I Love You So""
Benjamin Ingrosso - ""All My Life""
BigXthaPlug - ""The Largest""
Callista Clark & Scotty McCreery - ""Gettin' Old""
Cascada - ""Ain’t No Mountain High Enough (Ryan T. Remix)""
Ciara - ""Run It Up"" ft.  BossMan Dlow
Clean Bandit, Anne-Marie & David Guetta - ""Cry Baby""
Doe Boy - ""Special"" ft. Flo Milli & Skilla Baby
Doodie Lo & Tee Grizzley - ""HOODBACHI""
Donavon Frankenreiter & Colbie Caillat - ""All I Ever Wanted""
El Snappo - ""Father Figure""
Gavin DeGraw - ""Meaning (Chariot 20)""
JADE – ""Angel Of My Dreams (S.A.D. Version – Slow. Angelic. Dramatic.)""
Jdot Breezy - ""Creep""
Jennifer Lopez - ""If You Had My Love (2024 Rework)""
John Legend & Sufjan Stevens - ""L-O-V-E"" ft. Chrissy Teigen, Luna Stephens & Miles Stephens
Katy Perry - ""Lifetimes""
Kelsea Ballerini - ""Sorry Mom""
Kodak Black - ""Hit Stick""
Lehla Samia - ""Proud To Be Your Girl""
Li Rye - ""Knock Kneed""
Lil Tecca - ""TASTE""
Madeline Merlo - ""Broken Heart Thing"" ft. Dustin Lynch
Maleah Frederick - ""Among the Stars (Extended)""
Meduza, HEVOLVE & Beanfield – ""Tides"" ft. Bajka
Mike Williams - ""I Want It All (Euphoria)"" ft Meryll
Mitchell Tenpenny - ""Demon or Ghost"" ft. Underoath
Monocule, FARLEY & Nicky Romero - ""Never Alone""
PayGotti - ""Rio""
Quavo & Lenny Kravitz - ""FLY""
Real Boston Richey - ""Get In There"" ft. GloRilla
SAINt JHN - ""Circles""
Sammy Virji - ""If U Need It (Instrumental)""
Sam Smith & Aitana - ""Like I Can""
SleazyWorld Go - ""Who The Who's""
The Killers - ""Bright Lights""
Thomas Rhett - ""After All The Bars Are Closed""
Timmy Trumpet, Karol Sevilla & FAULHABER – ""Weekend"" ft. ZΩRBA
Toosii - ""Fuk You Mean""
Tre Loaded & That Mexican OT - ""The Ticket""
Trippie Redd - ""LGLG""
YXNG K.A - ""Full Throttle""

8/10
oxxie - ""INTESTINES""

8/13
Big Moochie Grape - ""Send Em A Message""
Current Joys - ""They Shoot Horses""

8/14
Billy Gilman - ""Til You Come Home""
Evil - ""hard 2 handle""
Hurricane Wisdom - ""Giannis""
Juvenile Baby - ""Talm Bout""
Lil Zay - ""Somewhere Dealin""

8/15
BAK Jay - ""Doin' Too Much""
Benson Boone - ""Pretty Slowly""
Grupo Firme & Demi Lovato - ""Chula""
Halsey - ""Lonely is the Muse""
Kenia OS & Steve Aoki - ""Replay""
LISA - ""New Woman"" ft. ROSALÍA
Myke Towers - ""OTRA NOCHE"" ft. Darell
Nino Breeze, Rick Ross & Moneybagg Yo - ""Type A Nigga (Remix)""
PaperRoute Woo - ""Bubblegum""

8/16
22nd Jim - ""Type Beat""
310Babii & Saweetie - ""​rock your hips (Remix)""
Alive City & Joseph O’Brien - ""Dare You To Move""
Bay Swag & D Lou - ""Skims""
BEO Lil Kenny - ""NADEAN""
Big Boogie - ""Choppa, Cock it, Pop It""
Big Sean & The Alchemist - ""Together Forever""
BOYS LIKE GIRLS - ""MIRACLE (trave Remix)""
Brantley Gilbert - ""Dirty Money"" ft. Justin Moore
Cartel Bo - ""Make Em Pay You""
Chase Rice - ""Haw River""
Cheat Codes & Train - ""Bloom""
Corey Kent - ""Now or Never"" ft. Lauren Alaina
Dasha - ""Didn't I (Live at Vevo)""
DJibouti, Kilhoffer & Flo Rida – ""Low"" ft. T-Pain
DJ Snake & Fridayy - ""Complicated""
D Sturdy & OT7 Quanny - ""PUBLIC HOUSING""
Duke Dumont & Clementine Douglas – ""Ain't Giving Up""
Emblem3 – ""Looks to Kill""
EST Gee - ""NEVER NEED"" ft. Selfpaid Savage
Fivio Foreign - ""Dribble""
Fivio Foreign - ""ONBOA47RD""
Hitkidd, Co Cash & Tripstar - ""If I Was President""
Inna & Chaow - ""Sun is Up (Remix)""
Isabel LaRosa - ""Pretty Boy""
Jax Jones, Jason Derulo & Pitbull - ""Tonight (D.I.Y.A) [Pitbull Remix]"" ft. Joel Corry
Jazmin Bean - ""It's Not My Fault (It's Yours)""
Jdot Breezy - ""Priceless Smile""
Jessica Baio - ""break up with me""
Jessica Baio - ""i don't even think about you""
Jordin Sparks - ""Remember""
Lady Gaga & Bruno Mars - ""Die With a Smile""
Lil Yachty & Veeze - ""Sorry Not Sorry""
Lil Zay Osama - ""How I Grew Up"" ft. Polo G
Maleah Frederick - ""Among the Stars (Acoustic)""
Marilyn Manson - ""Raise the Red Flag""
Mary J. Blige - ""Breathing"" ft. Fabolous
Nathan Evans - ""Flowers In The Water""
OhGeesy - ""Best Friend"" ft. Skilla Baby & BabyTron
OMB Peezy & Will-A-Fool - ""Hallways To Highways""
Orville Peck - “Permanently Lonely”
Paul Russell - ""Homecoming""
Peggy Gou - ""Find the Way""
Post Malone & Dolly Parton - ""Have The Heart""
Pyrex - ""Screamin""
R3 DA Chilliman - ""Lambo""
Rob49 & Skilla Baby - ""Mama (Remix)"" ft. GloRilla
Robin Schulz, Joel Corry & KOPPY - ""Upside Down""
Russ - ""BREAK!""
Rylo Rodriquez - ""85 Cutlass""
Sammy Virji - ""If U Need It (Extended Version)""
Sam Smith & IZA - ""Lay Me Down""
Sean Paul - ""Bring It""
Sigala, Trevor Daniel & 24kGoldn - ""It's A Feeling (Sigala VIP Mix)""
Starbomb - ""Pokémon Smash or Pass""
Teddy Swims - ""The Door (Stripped)""
That Mexican OT, Curren$y & LE$ - ""1982""
Tom Grennan - ""The Best A Man Can Get (Gillette)""
Vanessa Williams - ""​iLike Moonlight""
Vlad Holiday - ""I Don’t Wanna Party Anymore"" ft. Kacey Musgraves
Walker Hayes - ""Ball Player""
Welshly Arms - ""Perfectly Criminal""
Zheani - ""Sex Never Dies""

8/19
YN Jay - ""Best Friend""

8/20
YXNG K.A - ""Staying True""

8/21
No Savage - ""No Diamonds""
Yung Mal - ""12 Got My Jewelry""

8/22
Jer 柳應廷 - ""月居人""

8/23
Babyface Ray - ""Count Money"" ft. BossMan Dlow
BigWalkDog - ""Shine on Me""
Coldplay - ""WE PRAY"" ft. Little Simz, Burna Boy, Elyanna - إليانا & TINI
David Guetta & OneRepublic - ""I Don’t Wanna Wait (7 SKIES Remix)""
DVBBS, Cash Cash & Quinn XCII - ""Smile""
Eric Benét & Corinne Bailey Rae - ""Fly Away""
Finesse2Tymes - ""Show Dat Work"" ft. GloRilla & Rob49
Fredo Bang - ""Keep It Gangsta""
JADE – ""Angel of My Dreams (Jax Jones Y2J Remix)""
Jelly Roll - ""Get By""
Jessie Reyez - ""Ridin"" ft. Lil Wayne
JORDY – ""BREAK MY!""
LeAnn Rimes & Dave Audé - ""Can't Fight the Moonlight (Dave Audé Radio Mix)""
Lil Darius - ""My Typa Bitch""
Lucas Estrada & Social Club - ""Famous""
Mason Ramsey - ""Come Pick Me Up""
Mickey Guyton - ""My Side of the Country""
Nate Smith - ""Fix What You Didn't Break""
Nathan Dawe, Joel Corry & Sacha - ""HIGHER""
Niall Horan – ""Heaven (Live From Madison Square Garden)""
Nicky Romero & Joe Jury – ""I'll Follow You""
Picture This - ""Middle of Love"" ft. Dean Lewis
Pixie Lott – ""Midnight Trash""
Pixies - ""Oyster Beds""
Raq Baby - ""Mars""
R3HAB & Sophie and the Giants – ""All Night""
Russ - ""If This Is It""
Sam Smith & 宇多田ヒカル (Hikaru Utada) - ""Stay With Me""
Sabrina Carpenter - ""Taste""
Seether - ""Illusion""
Shadow Academy - ""Shine on You Crazy Diamond""
Shadow Academy - ""Shine on You Crazy Diamond (Radio Edit)""
soft siren - ""Like You Found God""
Sigala, Trevor Daniel & 24kGoldn - ""It's A Feeling (Kove Remix)""
Sophie Ellis-Bextor - ""Murder On The Dancefloor (Live From New York)""
Stephen Kramer Glickman - ""Paralyzed""
Teddy Swims - ""Lose Control (The Village Sessions)""
Tee Grizzley - ""Detroit"" ft. 42 Dugg
The Fray - ""Don’t Look Down""
Timmy Trumpet & Kickbait – ""Iris""
Trippie Redd & LAZER DIM 700 - ""Murderman"" ft. VonOff1700
YN Jay - ""Demure"" ft. Babyfxce E
YTB Fatt - ""Free Bank""
Zac Brown Band - ""Two Blue Chairs & You""

8/24
Ayesha Erotica - ""Hands on Me""

8/25
Li Rye - ""New Heart""

8/26
Maleah Frederick - ""Among the Stars (Acapella)""
oxxie - ""FFASH""

8/27
Chicken P - ""Myself""
Dave East & Icewear Vezzo - ""Extra Raccs""
Trap Dickey - ""Blue Devils (Remix)"" ft. DaBaby
Victoria Monét - ""SOS"" ft. Usher

8/28
Cordae - ""Summer Drop"" ft. Anderson Paak
Draft Day - ""CRACK THE CODE""
Emmie Kelly - ""let you down (let you know)""
KATO2X - ""Hackers and Jackers""
Maren Morris - ""Kiss the Sky""
Mudbaby Ru - ""NO EMOTIONS""
Sleepy Hallow - ""Nostalgia"" ft. Gray Hawken
The WAEVE - ""Broken Boys""
Allie X - Galina (Remix) feat. Empress Of

8/29
Bizzy Banks - ""Uptown""
Chitana - ""My Turn""
Dean Lewis & Sasha Alex Sloan - ""Rest (Wedding Version)""
Icewear Vezzo - ""Yea Okay""
RealRichIzzo & 392 Lil Head - ""Crash Music""
Stunna Gambino - ""9 Days""
KYPE - ""Movie""

8/30
41, TaTa & Jenn Carter - ""Green Haired Girl""
adore & Kill Eva - ""digital""
Alex Wann, Route 94 & Jess Glynne – ""My Love (2024)""
Andy C & Becky Hill - ""Indestructible""
Armin van Buuren & Agents Of Time - ""Love Is Eternity"" ft. ORKID
BabyTron - ""Gibberish""
BEO Lil Kenny - ""2 Birds 1 Stone""
BNYX® & Yeat - ""Go Again""
Benny Benassi & Oaks – ""Never Been Yours""
Bryan Adams - “War Machine”
Cian Ducrot – ""Can't Even Hate You""
Clean Bandit, Anne-Marie & David Guetta – ""Cry Baby (Extended)""
Connor Matthews - ""drugs and you""
Daniel Seavey – ""Other People""
DC The Don - ""GOD LEVEL""
Doodie Lo - ""Tweakers"" ft. rob49 & Skilla Baby
Dylan Scott - ""You'd Think I Was a Cowboy""
Erica Banks - ""Tell Me"" ft. Ralo
Florrie – ""Swimming Pool""
Flo Rida & Chase Matthew – ""Floats Your Boat""
Greyson Chance – ""Meet Me Outside""
James Bay – ""Easy Distraction""
Kay Flock & Lil Tjay - ""Fed Up""
Leah Kate - ""Nasty""
Lil Bean - ""Motion""
Lil Tecca - ""Bad Time""
Mabel - ""Chat""
Mello Buckzz & VonOff1700 - ""Save Drill""
OMB Peezy & Will-A-Fool - ""Bulletproof""
Peezy - ""All Black Trucks""
Rosa Linn & Corina Smith - ""Universe (Spanish Version)""
Russ - ""Get Up & Get It""
Russell Dickerson - ""Miss You So (Letters To You)""
Sam Smith & TAEYEON – ""I'm Not The Only One""
Sia - ""Immortal Queen (Chaka Khan & Debbie Harry Remix)"" ft. Chaka Khan & Debbie Harry
Stevie Wonder - ""Can We Fix Our Nation's Broken Heart""
Swedish House Mafia & Alicia Keys – ""Finally""
Sybyr - ""Aura Shine""
Tommy Richman - ""I THOUGHT YOU WERE THE ONE""
The Smashing Pumpkins - ""Sighommi""
Wildstylez & Showtek – ""Favourite Song""
Yungeen Ace - ""Who Ready""
Yung Hood - ""Ape Shit""

8/31
Skrilla - ""Straight Striker"" ft. Baby Kia"
spotify:track:1UWM5Y6O7jU4ec2iaNn1os,Love Is Here And Now You're Gone,Got To Be There,Michael Jackson,1972-01-24,174080,42,False,jn3vg545bmz7gns7tlnk04mcm,2026-05-14T18:04:19Z,,Motown,0.649,0.753,0,-8.964,1,0.0499,0.0558,0.0557,0.121,0.83,123.064,4,"[Chorus]
Love is here
And, oh, my darling, now, you're gone
Love is here
And, oh, my darling, now, you're gone

[Verse 1]
You persuaded me to love you and I did
But instead of tenderness, I found heartache, instead
Into your arms, I fell, so unaware
Of the loneliness that was waiting there

[Pre-Chorus]
You closed the door to your heart, girl
And you turned the key
Locked your love away from me

[Chorus]
Love is here
And, oh, my darling, now, you're gone
You made me love you
And, oh, my darling, now, you're gone

[Verse 2]
You said loving you would make life beautiful
With each passing day
But as soon as love came into my heart
You turned and you walked, just walked away

[Pre-Chorus]
You stripped me of my dreams
You gave me faith, then you took my hope
Look at me now

[Verse 3]
Look at me
See what lovin' you has done to me
Look at my face
See how crying has left its trace
After you made me all your own
Then you left me all alone
You made your words sound so sweet
Knowing that, your love, I couldn't keep

[Pre-Chorus]
My heart cries out for your touch
But baby, you're not there
And the lonely cry fades in the air

[Chorus]
Love is here
And, oh, my darling, now, you're gone
Love is here
And, oh, my darling, now, you're gone
You made me love you (Love, love is here)
Oh, oh, my darling, now, you're gone (And now, you're gone)
Talking 'bout love, love, love, love, ooh, ooh (Love, love is here)
My darling, now, you're gone (And now, you're gone)
Talking 'bout love, love, love, love, ooh, ooh (Love, love is here)
My darling, now, you're gone (And now, you're gone)
Talking 'bout love, love, love, love, ooh, ooh (Love, love is here)
My baby, now, you're gone (And now, you're gone)"
spotify:track:1jrJQ1Gib2ubaxAXe1z2Jc,You've Got A Friend,Got To Be There,Michael Jackson,1972-01-24,298960,45,False,jn3vg545bmz7gns7tlnk04mcm,2026-05-14T18:04:19Z,,Motown,0.543,0.635,0,-8.967,1,0.0351,0.501,1.13e-06,0.0955,0.81,168.399,4,"[Verse 1]
When you're down and troubled
And you need some lovin' care
And nothing, no, nothing is goin' right
Just close your eyes and think of me
And soon, I'll be there to brighten up
Yeah, even your darkest night

[Pre-Chorus]
You just call out my name
And you know, wherever I am
I'll come a-running, yeah, yeah
To see you again

[Chorus]
Winter, spring, summer, or fall
All you have to do is call
And I'll be there, yes, I will
You've got a friend, oh, yeah
You've got a friend
You've got a friend, oh, baby
You've got a friend

[Verse 2]
When the sky above you
Grows dark and full of clouds
And that old north wind, yeah
He begins to blow
Here's what you do, baby
You keep your head together, together, baby
And call my name out loud
And you'll hear me knocking, knocking at your door
Oh, yes, I will, yes, I will

[Pre-Chorus]
You just call out my name
And you know, wherever I am
I'll come a-running, yeah, yeah
To see you again
Ooh

[Chorus]
Winter, spring, summer, or fall
All you have to do is call
And I'll be there, yes, I will

[Bridge]
Ain't it good to know
That you got a friend
People can be so cold
They'll hurt you, yeah, and desert you
And take your soul if you let them
But don't let them, no, no, no, don't let them
Hmm

[Chorus]
Winter, spring, summer, or fall
All you have to do is call and I'll be there
I'll be there, yes, I will

[Outro]
Oh
You've got a friend, yes, you do
You've got a friend, yes, you do
Right 'til the end, right for you
Ain't it good to know
You've got a friend, yes, you do
You've got a friend, yes, you do
Right 'til the end, right for you
Ain't it good to know
You've got a friend, yes, you do
You've got a friend, yes, you do
Right 'til the end, right for you
Ain't it good to know
You've got a friend, yes, you do
You've got a friend, yes, you do
Right 'til the end, right for you"
spotify:track:3vZMkLS1jP7NdNhzqGfUSW,Ben - Single Version,Ben,Michael Jackson,1972-08-04,165160,70,False,jn3vg545bmz7gns7tlnk04mcm,2026-05-14T18:04:50Z,,Motown,0.464,0.132,5,-12.935,1,0.0283,0.81,1.16e-05,0.0994,0.303,68.152,4,"[Verse 1]
Ben, the two of us need look no more
We both found what we were looking for
With a friend to call my own
I'll never be alone
And you, my friend, will see
You've got a friend in me
(You've got a friend in me)

[Verse 2]
Ben, you're always running here and there
(Here and there)
You feel you're not wanted anywhere
(Anywhere)
If you ever look behind
And don't like what you find
There's something you should know
You've got a place to go
(You've got a place to go)

[Bridge]
I used to say ""I"" and ""me""
Now it's ""us"", now it's ""we""
(I used to say ""I"" and ""me"")
(Now it's ""us"", now it's ""we"")

[Verse 3]
Ben, most people would turn you away (Turn you away)
I don't listen to a word they say (A word they say)
They don't see you as I do
I wish they would try to
I'm sure they'd think again
If they had a friend like Ben

[Outro]
(A friend)
Like Ben
(Like Ben)
Like Ben"
spotify:track:0JNWjP8NKlFFUWqDrP7TpF,Greatest Show On Earth,Ben,Michael Jackson,1972-08-04,167866,47,False,jn3vg545bmz7gns7tlnk04mcm,2026-05-14T18:04:50Z,,Motown,0.476,0.738,10,-9.747,1,0.0544,0.304,0.000685,0.0607,0.772,155.383,4,"[Verse 1]
Love is like a circus
And a carnival is beautiful to see
Love can turn your mind around
Like Ferris wheels and spinning carousels

[Pre-Chorus]
You'll be a part of the world of make believe
Flying high like a man on a trapeze

[Chorus]
Oh, everyday's a holiday
Get your tickets right away
Love, love, love
It's the greatest show on Earth

[Verse 2]
The fantasy you see is like
A child again through rainbow-colored eyes
Step right up, it's circus time
And get your money’s worth of love today

[Pre-Chorus]
You'll be a part of the world of make believe
Flying high like a man on a trapeze

[Chorus]
Everyday's a holiday
Get your tickets right away
Love, love, yeah
It's the greatest show on Earth

[Chorus]
Everyday's a holiday
Get your tickets right away
Love, love, love
It's the greatest show on Earth

[Outro]
Love, love, love
It's the greatest show on earth (Yeah, yeah)
Love, love, yeah
It's the greatest show on earth
Love, love, yeah"
spotify:track:3qyYdDTTcsSJEaRGKojM0K,People Make The World Go 'Round,Ben,Michael Jackson,1972-08-04,194893,44,False,jn3vg545bmz7gns7tlnk04mcm,2026-05-14T18:04:50Z,,Motown,0.616,0.351,9,-10.926,0,0.0277,0.559,0.000103,0.0826,0.642,91.139,4,"[Intro]
(People)
('Round and around and around)
(People make the world go 'round)
('Round and around and around)

[Verse 1]
Teachers on strike, no more school today
They want more money but the board won't pay
('Round and around and around)
(People)
Everybody's talking 'bout ecology
The air is so polluted that it's hard to breathe (The air is so polluted that it's hard to breathe)
(People)

[Chorus]
But that's what makes the world go 'round
The ups and downs, a carousel
Changing people's heads around
Go underground young men
People make the world go 'round
(People make the world go 'round)
('Round and around and around)

[Verse 2]
Old folks judge you by the clothes you wear
They'd swear you a hippie if you have long hair ('Round and round and around)
(People)
Young politicians fight for poverty
While people still cry for equality (People still cry for equality)
(People)

[Chorus]
But that's what makes the world go 'round
The ups and downs, a carousel
Changing people's heads around
Go underground young men
People make the world go 'round
(People make the world go 'round)
('Round and around and around)
La-la-la-la-la-la-la-la-la
('Round and around and around)
(La-la-la-la-la-la-la)
(People)
La-la-la-la-la-la-la-la-la
('Round and around and around)

[Chorus]
But that's what makes the world go 'round
The ups and downs, a carousel
Changing people's heads around
Go underground young men

[Outro]
People make the world go 'round and around and around
People make the world go 'round and around and around
People make the world go 'round and around and around
People make the world go 'round and around
People make the world go 'round and around
People make the world go 'round and around and around
People make the world go 'round and around and around"
spotify:track:6aeAzB6GWHIOrNVJq7nq64,We've Got A Good Thing Going,Ben,Michael Jackson,1972-08-04,182520,47,False,jn3vg545bmz7gns7tlnk04mcm,2026-05-14T18:04:50Z,,Motown,0.61,0.427,0,-12.13,1,0.0428,0.578,8.05e-06,0.206,0.717,177.391,4,"[Intro]
Mhm, aah-ha
Yeah-yeah, alright
Love her, love her
Yeah-yeah, aah-ha

[Verse 1]
Ooh, hey, my girl
She does something to my chemistry
And when I'm close, I'm sure
I raise her temperature about three degrees
Every day, yeah
In every way, she makes my motor purr
And I reciprocate
My life I dedicate to lovin' her

[Chorus]
So we've got a good thing going (Good thing going)
A real good thing going, yeah (Good thing going)
That girl and me (Woo-doo-do-do-doo)
And I don't have to ask
'Cause I know it's gon' last eternally
Now, let me tell you what we got

[Verse 2]
Understanding
Whenever handing any alibis
Instead of what you do
Where you been or what's the use?
We make it nice (Uh-huh, it's a nice, nice time)

[Chorus]
You see, we've got a good thing going (Good thing going)
A real good thing going, yeah (Good thing going)
That girl and me (Woo-doo-do-do-doo)
And she don't have to ask
'Cause she knows it's gon' last eternally

Said we've got a good, good, good, good, good thing going
(A real good thing going) Yeah, yeah
That girl and me (Woo-doo-do-do-doo)
And we don't have to ask
'Cause we know it's gon' last eternally

Said we've got it together (Said we've got a good thing going)
We've got our thing together (A real good thing going, yeah, yeah)
Yeah, yeah, alright (Woo-doo-do-do-doo)
We've got our thing together
Uh-uh, we sure 'nuff got it going on

Said we got a good thing going
A real good thing going"
spotify:track:5ubtBqHw2cZXQjTOE9yJRp,Everybody's Somebody's Fool,Ben,Michael Jackson,1972-08-04,179000,44,False,jn3vg545bmz7gns7tlnk04mcm,2026-05-14T18:04:50Z,,Motown,0.56,0.583,2,-8.209,1,0.0387,0.468,9.19e-05,0.401,0.858,146.335,4,"[Intro]
Shoo-ba, shoo-ba, ooh-ooh, ooh
Shoo-ba, shoo-ba, ooh-ooh, ooh

[Verse 1]
Everybody's somebody's fool
The world is the biggest school
As you live, you learn, though a torch will burn
Everybody's somebody's fool (Everybody's somebody's fool)

[Verse 2]
You go through life making fools of others
Pretending you're giving them love
But remember, sister or brother
You all have to answer to the one up above (To the one up above)

[Chorus]
It's beautiful to watch love begin
But, oh, so sad when it ends (So sad when it ends)
As you go through life, remember this rule
Everybody's somebody's fool (Everybody's somebody's fool)

[Refrain]
A-ha
Shoo-ba, shoo-ba
Uh-huh
Ooh, a-ha
Shoo-ba, shoo-ba
Oh

[Chorus]
It's beautiful to watch love begin
But, oh so sad when it ends (So sad when it ends)
As you go through life remember this rule
Everybody's somebody's fool (Everybody's somebody's fool)

[Outro]
(Everybody's somebody's, somebody's fool)
Everybody's, everybody's somebody's fool, yeah
(Everybody's somebody's, somebody's fool)
(Hey, everybody's somebody's, somebody's fool)
Everybody's, everybody's somebody's fool, yeah
(Everybody's somebody's, somebody's fool)
(Hey, everybody's somebody's, somebody's fool)
Everybody's, everybody's somebody's fool, yeah
(Everybody's somebody's, somebody's fool) Ooh
(Hey, everybody's somebody's, somebody's)"
spotify:track:6iyr0pAtw5qMO0rxefkp2i,My Girl,Ben,Michael Jackson,1972-08-04,188760,50,False,jn3vg545bmz7gns7tlnk04mcm,2026-05-14T18:04:50Z,,Motown,0.729,0.587,8,-9.901,1,0.0392,0.177,1.66e-05,0.115,0.837,105.586,4,"I've got sunshine on a cloudy day
When it's cold outside, I've got the month of May
Well, I guess you'll say
What can make me feel this way?
My girl (My girl)
Talkin' 'bout my girl (Talkin' 'bout my girl)

I've got so much honey the bees envy me
I've got a sweeter song, yeah, than the birds in the trees
Well, I guess you'll say
What can make me feel this way?
My girl (My girl, my girl)
Talkin' 'bout my girl (Talkin' 'bout my girl)

Hey, hey, hey
Hey, hey, hey
Ooh

I don't need no money, yeah, fortune, or fame
I've got all the riches, baby, one man can claim (That one man can claim)
Well, I guess you'll say
What can make me feel this way?
My girl (My girl, my girl)
Talkin' 'bout my girl (Talkin' 'bout my girl)

I've got sunshine on a cloudy day
With my girl
I've even got the month of May
With my girl
Talkin' 'bout my girl
Ooh, yeah, my girl
Ooh, my girl"
spotify:track:0ijATlX8z4mmteT6H0CCJW,What Goes Around Comes Around,Ben,Michael Jackson,1972-08-04,213466,44,False,jn3vg545bmz7gns7tlnk04mcm,2026-05-14T18:04:50Z,,Motown,0.539,0.777,11,-10.487,0,0.0429,0.409,6.2e-06,0.0998,0.74,101.761,4,"[Intro]
(What goes around, yeah
Comes around, yeah)

[Verse 1]
I've had my eyes on you
For three long years
When no one else wanted you
I took you in and held you near
But then, you drifted away (Drifted away)
After you said you'd always stay (Always stay)
How could you be so mean and untrue?
He didn't want you until he'd seen
What my love did for you, yeah (Did for you)

[Chorus]
Ooh, baby, what goes around comes around
I knew he'd soon be gone
Yeah, baby, he put you down, now, you're the clown
And you want me to come back home
(Yeah, yeah, yeah)

[Verse 2]
I've had no love affairs
For three long years (Three long years)
Remember how I used to care
When you were down, I dried your tears (Dried your tears)
Who did you think was the fool?
I let you treat me so cruel
This is the moment of truth for you
Do you think your playing is through?
I don't think I can trust you

[Chorus]
Ooh, baby, what goes around comes around
I knew he'd soon be gone
Yeah, baby, he put you down, now, you're the clown
And you want me to come back home?
Yeah, yeah, yeah
What goes around comes around
He put you down, now, you're the clown
(Goes around, yeah
Comes around, yeah)

[Bridge]
(I've had my eyes on you
For three long years
When no one else wanted you
I took you in and held you near, yeah)

[Chorus]
Yeah, yeah, baby, what goes around comes around
I knew he'd soon be gone
Now, now, baby, he put you down, now, you're the clown
And you want me to come back home?
Yeah, yeah, yeah

[Outro]
What goes around comes around
He put you down, now, you're the clown (Clown, ooh)
(Don't you know, don't you know, don't you know, don't you know)
Yeah, yeah, baby, what goes around comes around
He put you down, now, you're the clown, yeah (Clown, ooh)
(Don't you know, don't you know, don't you know, don't you know)
Na-na-na-na-na-na, baby, what goes around comes around"
spotify:track:6Wzu7TR7G7x8TJKU7YmmoL,In Our Small Way,Ben,Michael Jackson,1972-08-04,218000,42,False,jn3vg545bmz7gns7tlnk04mcm,2026-05-14T18:04:50Z,,Motown,0.293,0.46,4,-10.187,1,0.0289,0.482,0.0,0.205,0.63,179.165,4,"[Intro]
Maybe you and I can't do great things
We may not change the world in one day
But we still can change some things today
In our small way

[Verse 1]
Empty words are not enough
Where there's hurt, we'll be a crutch
When there's thirst, we'll fill each other's cup
Because we care, we love
Enough to share (Enough to share)

[Chorus]
Maybe you and I can't do great things (Do great things)
We may not change the world in one day
But we still can change some things today (Today)
In our small way

[Verse 2]
In despair, we'll be the hope (Be the hope)
And the prayer that frees the soul (Frees the soul)
We'll be there to share each lonely road (Lonely road)
Because we love, I know (I know)
We care enough, yeah (We care enough)

[Chorus]
Maybe you and I can't do great things (Do great things)
We may not change the world in one day
But we still can change some things today (Today)
In our small way

[Bridge]
Just a little time is all it takes (Just a little time is all it takes)
What a difference just a smile can make, you'll see (We've got)
Love is all we need (We've got love, yeah)

[Chorus]
Maybe you and I can't do great things
We may not change the world in one day
(But we still) But we still can change some things today
In our small way
(La-la-la la-la-la-la-la) Ooh
(La-la-la-la la-la-la la-la) Ooh
(La-la)
(La-la la-la la-la-la-la-la)
(La-la-la-la la-la-la la-la)"
spotify:track:6Wzu7TR7G7x8TJKU7YmmoL,In Our Small Way,Ben,Michael Jackson,1972-08-04,218000,42,False,jn3vg545bmz7gns7tlnk04mcm,2026-05-14T18:04:50Z,,Motown,0.293,0.46,4,-10.187,1,0.0289,0.482,0.0,0.205,0.63,179.165,4,"[Intro]
Maybe you and I can't do great things
We may not change the world in one day
But we still can change some things today
In our small way

[Verse 1]
Empty words are not enough
Where there's hurt, we'll be a crutch
When there's thirst, we'll fill each other's cup
Because we care, we love
Enough to share (Enough to share)

[Chorus]
Maybe you and I can't do great things (Do great things)
We may not change the world in one day
But we still can change some things today (Today)
In our small way

[Verse 2]
In despair, we'll be the hope (Be the hope)
And the prayer that frees the soul (Frees the soul)
We'll be there to share each lonely road (Lonely road)
Because we love, I know (I know)
We care enough, yeah (We care enough)

[Chorus]
Maybe you and I can't do great things (Do great things)
We may not change the world in one day
But we still can change some things today (Today)
In our small way

[Bridge]
Just a little time is all it takes (Just a little time is all it takes)
What a difference just a smile can make, you'll see (We've got)
Love is all we need (We've got love, yeah)

[Chorus]
Maybe you and I can't do great things
We may not change the world in one day
(But we still) But we still can change some things today
In our small way
(La-la-la la-la-la-la-la) Ooh
(La-la-la-la la-la-la la-la) Ooh
(La-la)
(La-la la-la la-la-la-la-la)
(La-la-la-la la-la-la la-la)"
spotify:track:1WFGTr3CG2i7VhLK1WUfy1,Shoo-Be-Doo-Be-Doo-Da-Day,Ben,Michael Jackson,1972-08-04,200666,42,False,jn3vg545bmz7gns7tlnk04mcm,2026-05-14T18:04:50Z,,Motown,0.677,0.811,8,-10.432,1,0.0457,0.239,3.02e-06,0.0808,0.96,130.73,4,"[Verse 1]
Your precious sweetheart, she is so faithful
She is so true, woah, yeah
Her dreams are tumbling
Her world is crumbling
Because of you, uh-huh
One day, you'll hurt her just once too much
And when you finally lose your tender touch

[Chorus]
Shoo-be-doo-be-doo-be-doo-da-day
Her feet may wander, her heart may stray
Shoo-be-doo-be-doo-be-doo-da-dee
You're gonna send your baby straight to me

[Verse 2]
I'm gonna give her all the loving
Within my heart, oh, yeah
I'm gonna patch up every single little dream
You've torn apart, understand me now?
And when she tells you, she's crying her last tear
Heaven knows I am going to be somewhere near

[Chorus]
Shoo-be-doo-be-doo-be-doo-da-day
Her feet may wander, her heart may stray
Shoo-be-doo-be-doo-be-doo-da-dee
That's gonna send your baby straight to me
Oh, yeah-yeah, you better
You better listen to me, yeah

[Verse 3]
Heartaches are calling and tears are falling
Because of you, oh, yeah
And when you're gone, she'll know
I'm the one to go to her rescue
Maybe you didn't know that man
You're gonna leave her one too many times
And when you come back, that girl's gonna be mine, all mine

[Instrumental Outro]"
spotify:track:3GZA4ZkofOs9jApP3khAge,You Can Cry On My Shoulder,Ben,Michael Jackson,1972-08-04,159800,41,False,jn3vg545bmz7gns7tlnk04mcm,2026-05-14T18:04:50Z,,Motown,0.539,0.437,7,-13.084,1,0.0325,0.23,0.0,0.0506,0.761,121.759,4,"[Verse 1]
Just because you know I
Love you so much
Don't be afraid to tell me you're sad because
You lost his love
Though your love is not for me
I don't wanna see you in misery
So come on, baby, come on

[Chorus]
You can cry on my shoulder
You can cry on my shoulder
And bring all your troubles to me
All your troubles to me

[Verse 2]
Big girls ain't supposed to cry
If you do, I'll understand
Maybe I can show you how you can
Win his love again
It may seem strange, I know
But it's just that I love you so
Come on, baby, come on

[Chorus]
You can cry on my shoulder
You can cry on my shoulder
And bring all your troubles to me
(Bring them to me, girl)

[Verse 3]
Now, you've given him all you had
He better stop treating you so bad
Come on, baby (Come on, come on)
Come on, oh

[Chorus]
You can cry on my shoulder, yes, you can, girl
You can cry on my shoulder
And bring all your troubles to me
(Bring them to me, girl)
Yeah, babe, yes, you can, now
Darling, ooh, ooh, yes, yes, you can, girl
I'll be there to help

[Outro]
You can cry, you can cry, you can cry
Baby
(You can cry on my shoulder)
Oh, yeah, babe, yeah, babe
(You can cry on my shoulder)
You can cry, you can cry"
spotify:track:0ls2HeVRI2LELC9uk43Kje,With A Child's Heart,Music & Me,Michael Jackson,1973-08-13,214320,45,False,jn3vg545bmz7gns7tlnk04mcm,2026-05-14T18:05:04Z,,Motown,0.525,0.416,0,-11.315,0,0.0352,0.622,0.00143,0.154,0.263,150.231,4,"[Chorus]
With a child's heart
Go face the worries of the day
With a child's heart
Turn each problem into play

[Verse 1]
No need to worry, no need to fear
Just being alive makes it all so very clear

[Chorus]
With a child's heart
Nothing can ever get you down
With a child's heart
You've got no reason to frown

[Verse 2]
Love is as welcome
As a sunny, sunny day
No grown-up thoughts
To lead our hearts astray
Take life easy, so easy, nice and easy
Like a child, so gay and so carefree
Yeah
The whole world smiles with you
As you go your merry way

[Outro]
Oh, with a child's heart
Nothing's gonna get, nothing's gonna get
Nothing's gonna get me down
Oh, with a child's heart
Nothing's gonna get, nothing's gonna get
Nothing's gonna get me down
Oh, with a child's heart
Sing nothing's gonna get, nothing's gonna get
Nothing's gonna get me down"
spotify:track:6Fx7JOYuLE9qLCpqbGP007,Up Again,Music & Me,Michael Jackson,1973-08-13,171306,42,False,jn3vg545bmz7gns7tlnk04mcm,2026-05-14T18:05:04Z,,Motown,0.684,0.581,5,-7.774,0,0.031,0.249,5.94e-05,0.329,0.592,77.236,4,"[Verse 1]
Into each life, some rain falls
Then comes the snow
But after the snow
The flowers will grow
Girl, when my life got stormy
You stayed for the ride
You stayed by my side
You make the sun shine

[Chorus]
I'm up again, I never let you down
Nothing's ever gonna stop me now
Up again, I never let you down
I love you

[Verse 2]
This Humpty Dumpty's lucky
He's had his fall
But after it all
He brushed himself off
Knowing how much you loved me
I made one more try
I reached for the sky
And I made it this time

[Chorus]
I'm up again, I never let you down
Nothing's ever gonna stop me now
Up again, I never let you down
I love you

[Instrumental Break]

[Chorus]
I'm up again, I never let you down, oh-oh
Nothing's ever gonna stop me now
Up again, I never let you down
I love you
Up again, I never let you down
Nothing's ever gonna stop me now
Up again, I never let you down
I love you
Up again, I never let you down, no, no, no
Nothing's ever gonna stop me now
Up again, I never let you down
I love you, yeah
Never let you down, baby
Nothing's ever gonna stop me now, yeah"
spotify:track:4DDOgnNo7c3s6OyFz1qcva,All The Things You Are,Music & Me,Michael Jackson,1973-08-13,179293,42,False,jn3vg545bmz7gns7tlnk04mcm,2026-05-14T18:05:04Z,,Motown,0.523,0.82,5,-6.911,0,0.04,0.0957,0.0216,0.0517,0.716,137.798,4,"[Verse 1]
You are the promised kiss of springtime
That makes the lonely winter seem long
You are the breathless hush of evening
That trembles on the brink of a lovely song
You are the angel glow that lights a star
The dearest things I know are what you are

[Chorus]
Someday, my happy arms will hold you
And someday, I'll know that moment divine
When all the things you are, are mine

[Verse 2]
You are the angel glow that lights a star
The dearest things I know are what you are

[Chorus]
Some, some, some, someday
My happy arms will hold you
And someday, I'll know that moment divine
When all the things you are, are mine
Yeah, yeah, all the things you are, are mine
All the things you are gon' be mine
Someday you are, are mine
All the things you are gon' be mine
All the things you are gon' be mine"
spotify:track:6BDMvjPOmi6GxxDCkhriRw,"Happy (Love Theme From ""Lady Sings The Blues"")",Music & Me,Michael Jackson,1973-08-13,207826,47,False,jn3vg545bmz7gns7tlnk04mcm,2026-05-14T18:05:04Z,,Motown,0.37,0.562,9,-6.801,1,0.0278,0.276,0.000214,0.108,0.516,168.104,4,"[Verse 1]
Sadness had been
Close as my next of kin
Then happy came one day
Chased my blues away

[Chorus]
My life began when Happy smiled
Sweet like candy to a child
Stay here and love me just a while
Let sadness see what happy does
Let happy be where sadness was

[Verse 2]
Happy, that's you
You made my life brand new
Lost as a little lamb was I
'Til you came in

[Chorus]
My life began when Happy smiled
Sweet like candy to a child
Stay here and love me just a while
Let sadness see what happy does
Let happy be where sadness was
('Til now)

[Verse 3]
Where have I been?
What lifetime was I in?
Suspended between time and space
Lonely until

[Chorus]
Happy came smiling up at me
Sadness had no choice but to flee
I said a prayer so silently
Let sadness see what happy does
Let happy be where sadness was
'Til now

[Outro]
Happy
Yeah, yeah, happy
La-la-la la, la la la la

Yeah, happy
Ooh, happy
La-la-la la, la la la la

Happy
Oh, yeah, happy
La-la-la la, la la la la

Happy
Ooh, happy
La-la-la la, la la la la"
spotify:track:79CnUb0xbPX1RownugyB6i,Too Young,Music & Me,Michael Jackson,1973-08-13,219733,40,False,jn3vg545bmz7gns7tlnk04mcm,2026-05-14T18:05:04Z,,Motown,0.274,0.197,10,-13.011,1,0.0299,0.466,0.00083,0.126,0.147,81.225,4,"[Chorus]
They try to tell us we're too young
Too young to really be in love

[Verse 1]
They say that love's a word
A word we've only heard
But can't begin to know the meaning of
And yet, we're not too young to know
This love will last though years may go
And then someday, they may recall
We were not too young at all

[Chorus]
They try to tell us we're too young
Too young to really be in love

[Verse 2]
And yet, we're not too young to know
This love will last though years may go
And then, someday, they may recall
We were not too young at all
(We're not too young, we're not too young)
At all"
spotify:track:3OjmX0r4YC4X9W4vOdad61,Doggin' Around,Music & Me,Michael Jackson,1973-08-13,174040,45,False,jn3vg545bmz7gns7tlnk04mcm,2026-05-14T18:05:04Z,,Motown,0.355,0.754,0,-8.829,1,0.0855,0.149,0.000491,0.0788,0.944,185.782,3,"[Chorus]
You better stop
You're doggin' around
Yeah, yeah, yeah, yeah
'Cause if you don't stop
I'm gonna have to put you down

[Verse 1]
I can't take it much longer
My heart's getting weak
It's not getting any stronger
You keep me so upset
My head's in a whirl
But if you want to be, yeah
Be my girl

[Chorus]
You better stop
You're doggin' around
You know what I'm talkin' 'bout
Yeah, yeah, yeah
If you don't stop
I'm gonna have to put you down
Baby, yes, I do, yes, I do
Gonna put you down
You're doggin' me
I'm going to have to put you down, yeah

[Outro]
Yes, you do, you're doggin' me
You better stop
You're doggin' me around"
spotify:track:6aimcSBT324jkydqeiCIh6,Johnny Raven,Music & Me,Michael Jackson,1973-08-13,216813,38,False,jn3vg545bmz7gns7tlnk04mcm,2026-05-14T18:05:04Z,,Motown,0.673,0.764,10,-6.302,1,0.0289,0.275,8.36e-05,0.072,0.848,111.354,4,"[Intro]
(He's born to be wild)

[Verse 1]
Free and untamed
That's how I've grown
(He's Johnny Raven)
Settling down ain't my nature
Roots I'll never own
(He's Johnny Raven)

[Pre-Chorus]
Oh, your smile
But tell me, ain't your child
How can you cage a bird
Born to be wild
(Born to be wild)

[Chorus]
I'm Johnny Raven
(He's Johnny Raven)
By and by
(By and by)
Oh, I'm gonna leave your nest, girl
Another nest to try
Ooh, Johnny Raven (Oh, Johnny Raven)
Girl, you know I shouldn't have loved you
Yeah, but I've got to leave you
When my restless heart says fly

[Verse 2]
Look at you, little girl
You feel love so deep, yeah, yeah
(He's Johnny Raven)
If I could change in a second
I'd change for you like that
Stay right here for keeps
(He's Johnny Raven)

[Pre-Chorus]
But I'm hungry for new thrills
Stray, I will
Seems I gotta need one girl
Never can feel

[Chorus]
Yeah, I'm Johnny Raven
(He's Johnny Raven)
By and by
(By and by)
Oh, I'm gonna leave your nest
Another nest to try
Ooh, Johnny Raven (Oh, Johnny Raven)
Girl, you know I shouldn't have loved you
Yeah, but I've got to leave you
When my restless heart says goodbye

Everybody knows my name
I'm Johnny Raven
(He's Johnny Raven)
Yeah, yeah, by and by
(He's Johnny Raven)
Ooh, I'm gonna fly and when you cry
(Johnny, Johnny, Johnny)
Part of me is gonna die
(He's Johnny Raven)
(Ooh, ooh, ooh, ooh)

Ooh, I'm Johnny Raven
(Johnny, Johnny, Johnny)
Yeah, yeah, by and by
(He's Johnny Raven)
(Ooh, ooh, ooh, ooh)
Ooh, I'm gonna fly and when you cry, yeah
(Johnny, Johnny, Johnny)
Part of me is gonna die
(He's Johnny Raven)
(Ooh, ooh, ooh, ooh)

[Outro]
(Johnny, Johnny, Johnny)
(He's Johnny Raven)
(Ooh, ooh, ooh, ooh)
(Johnny, Johnny, Johnny)
(He's Johnny Raven)
(Ooh, ooh, ooh, ooh)

(Johnny, Johnny, Johnny)
(He's Johnny Raven)
(Ooh, ooh, ooh, ooh)
(Johnny, Johnny, Johnny)"
spotify:track:4i06h7zcGD2JXZRq8ZJoc4,Euphoria,Music & Me,Michael Jackson,1973-08-13,169613,40,False,jn3vg545bmz7gns7tlnk04mcm,2026-05-14T18:05:04Z,,Motown,0.52,0.808,9,-6.889,0,0.0596,0.0376,0.00493,0.227,0.938,151.521,4,"[Intro]
Love, love, love, love
Love, love, love, love
Love, love, love, love
Love, love, love, love
Euphoria, euphoria
Euphoria, euphoria

[Verse 1]
E-U-P-H-O-R-I-A
That's the new word for today
E-U-P-H-O-R-I-A
It is very easy to say

[Pre-Chorus]
Say euphoria
And you'll feel fine from the start
You can close your eyes
And see the world with your heart

[Verse 2]
Do what you wish, be what you are
What a victorious thrill
Wearing a smile, all of the while
Feeling the world standing still

[Chorus]
Watch rainbows glow
Rest on a bed of flowers
Then die a star
Anything's in your powers

[Verse 3]
E-U-P-H-O-R-I-A
Full of [?]
Knowing no ills, needing no pills
Singing a rock and roll hymn

[Pre-Chorus]
Feeling glorious, full of love
Fine from the start
You can close your eyes
And see the world with your heart

[Verse 4]
How good to be happy and free
Living the way that you choose
Healthy and clean
Can't understand anyone having the blues

[Chorus]
Euphoria
Never to feel frustration
How great to give
Love without limitation
Euphoria, euphoria
Long as we love each other
Euphoria, euphoria
Living for one another
Euphoria, euphoria
That's the new word for heaven
Euphoria, euphoria
Living in love is heaven
Euphoria, euphoria
Long as we love each other
Euphoria, euphoria"
spotify:track:3XIPO30JGpeTGCpCA7OO0X,Morning Glow,Music & Me,Michael Jackson,1973-08-13,218853,39,False,jn3vg545bmz7gns7tlnk04mcm,2026-05-14T18:05:04Z,,Motown,0.609,0.574,8,-8.213,1,0.0241,0.147,0.00102,0.0504,0.761,100.627,4,"[Verse 1]
Morning glow, morning glow
Starts to glimmer when you know
Winds of change are set to blow
And sweep this whole land through
Morning glow is long past due
Morning glow, fill the earth
Come and shine for all you're worth
We'll be present at your birth
Of all things looking new
Morning glow is long past due

[Chorus]
Oh-oh-oh-oh-oh (Morning glow)
Oh-oh-oh-oh-oh
I'd like to help you grow
You should have started long ago

[Verse 2]
Morning glow all day long (Morning glow)
While we sing tomorrow's song (Morning glow)
Never knew we could be so strong
But now, it's very clear
Morning glow, it's almost here

[Chorus]
Oh-oh-oh (Morning glow)
Oh-oh-oh-oh-oh
I'd like to help you grow
We should have started long ago

[Verse 3]
Morning glow, filled with light
You can make the whole day bright
All the bad songs of the night
Will fade into the past
Morning glow is here at last
Woo-oooh, wooh-oooh, woo-oooh, woo-oooh"
spotify:track:0QBDsZH9PDnKVQBxEcefku,Music And Me,Music & Me,Michael Jackson,1973-08-13,162520,53,False,jn3vg545bmz7gns7tlnk04mcm,2026-05-14T18:05:04Z,,Motown,0.352,0.276,4,-11.737,1,0.0274,0.731,0.000143,0.144,0.219,148.518,4,"[Verse 1]
We've been together for such a long time
Now, music, music and me
Don't care whether all our songs rhyme
Now, music, music and me

[Verse 2]
Only know wherever I go
We're as close as two friends can be
There have been others
But never two lovers
Like music, music and me

[Verse 3]
Grab a song and come along
You can sing your melody
In your mind, you will find
A world of sweet harmony

[Verse 4]
Birds of a feather, we'll fly together
Now, music, music and me
Music and me"
spotify:track:5kazs4V71SpcTVUTcorIyJ,We're Almost There,"Forever, Michael",Michael Jackson,1975-01-16,227146,50,False,jn3vg545bmz7gns7tlnk04mcm,2026-05-14T18:05:11Z,,Motown,0.573,0.853,11,-9.047,1,0.071,0.0989,0.0,0.299,0.776,93.524,4,"[Verse 1]
No matter how hard
The task may seem
Don't give up our plans
Don't give up our dreams
No broken bridges
Can turn us around
'Cause what we're searching for
Will soon be found

[Chorus]
'Cause we're al-almost there
Just one more step (Almost there)
Just one more step
Don't give up, we're al-almost there ('Cause we're almost there)

[Verse 2]
(Look at the lovers)
Look at the lonely lovers (That didn't make it)
That didn't make it (The long, hard climb)
Life's long, hard climb
They just couldn't take it
Don't let it happen
To me and you
Hold on together, darling
We'll make it through
Darling, keep on reaching out for me
Keep on reaching
Do it for me, do it for me, 'cause baby

[Chorus]
(We're almost there)
('Cause we're almost there)
('Cause we're almost there)

[Verse 3]
We're so close
I can taste it
A life so sweet
We can't afford to waste it
If you feel your hand
Slipping from mine
Just hold on tighter, darling
Keep on trying
Baby, do it for me (Let's make this climb together)
Do it, do it, do it, baby

[Chorus]
(We're almost there)
Just one more step
Don't give up (We're almost there)
Just one more step
Baby, baby, don't give up ('Cause we're almost there)
Keep on, keep on
Just one more step (We're almost there)
'Cause we're almost there

[Outro]
Just one more step
'Cause we're almost there
We've come too far
To turn around
Keep on reaching
For higher ground
We've had our ups
And we've had our downs
Ain't lettin' nothin' in the world, darling
Turn us around
'Cause we're almost there
We're almost there
We're almost there
Everything we're looking for
We're almost there
Keep on reaching out for me
'Cause we're almost there, darling
We're almost there
We're almost there, darling
We're almost there
We're almost there
Ah, we're almost there
Babe, we're almost there"
spotify:track:7MkLxkbdYmH31jvfF4EKcM,Take Me Back,"Forever, Michael",Michael Jackson,1975-01-16,210146,48,False,jn3vg545bmz7gns7tlnk04mcm,2026-05-14T18:05:11Z,,Motown,0.653,0.729,8,-9.99,1,0.0366,0.497,0.000682,0.273,0.772,99.629,4,"[Chorus]
Ah, take me back
Take me back where I belong
That's with you, baby
Ah, take me back
Take me back where I belong
That's with you, baby

[Verse 1]
I thought the grass was greener on the other side
Thought the sun shine brighter without saying goodbye
There's a card in my hand
Tears fall like rain
I want to come home again
I want you to

[Chorus]
Take me back
Take me back where I belong
That's with you, baby
Ah, take me back
Take me back where I belong
That's with you, baby
Ain't no love in this world
Ain't no love in this world without you

[Verse 2]
In my search to find myself
I saw your face and nothing else
Every place I go, everything I do
I still feel the need for you
Come on and

[Chorus]
Take me back
Take me back where I belong
That's with you, baby
Ah, take me back
Take me back where I belong
That's with you, baby

[Instrumental Break]

[Bridge]
I'm on my way back to you
And I want to make it up to you
And all the problems that I caused you
If it takes my life, I'll make it up to you
I just want you to take me, take me
Take me, take me, take me, take me

[Outro]
Take me back, forgive me
Take me back where I belong
If you can, if you can find it
In your heart to forgive me"
spotify:track:7vtaQNW7QHtQsLeshQlm3D,One Day In Your Life,"Forever, Michael",Michael Jackson,1975-01-16,258160,62,False,jn3vg545bmz7gns7tlnk04mcm,2026-05-14T18:05:11Z,,Motown,0.294,0.483,4,-11.674,1,0.031,0.506,0.0185,0.128,0.174,79.946,4,"[Verse 1]
One day in your life
You'll remember a place
Someone touching your face
You'll come back and you'll look around you
One day in your life
You'll remember the love you found here

[Chorus]
You'll remember me somehow
Though you don't need me now
I will stay in your heart
And when things fall apart
You'll remember one day

[Verse 2]
One day in your life
When you find that you're always waiting
For a love we used to share
Just call my name and I'll be there

[Instrumental Break]

[Chorus]
You'll remember me somehow
Though you don't need me now
I will stay in your heart
And when things fall apart
You'll remember one day

[Verse 3]
One day in your life
When you find that you're always lonely
For a love we used to share
Just call my name and I'll be there"
spotify:track:0TlpbHiPR7XohVbxWR6UN4,Cinderella Stay Awhile,"Forever, Michael",Michael Jackson,1975-01-16,193320,43,False,jn3vg545bmz7gns7tlnk04mcm,2026-05-14T18:05:11Z,,Motown,0.694,0.554,7,-11.292,1,0.0343,0.157,0.000295,0.16,0.825,129.977,4,"[Intro]
Fairytale, make-believe and you
Fairytale, make-believe and you

[Verse 1]
Cinderella, stay awhile
You're the one
That I've been looking for
Cinderella, when you smile
All around me, sunbeams
Start to fall
Midnight is so near
Please don't disappear
Now that you are here
Stay awhile

[Verse 2]
Cinderella, I just know
That the magic slipper's
Gonna fit
Cinderella, do not go
You're my princess
I am sure of it
This is love for sure
Love that's sweet and pure
Love that will endure
Stay awhile

[Bridge]
When you speak, the angels all sing
This is the kind of magic you bring, oh

[Verse 3]
Cinderella, stay awhile
This is like a fairytale with you
Cinderella, when you smile
All my fairy tales are coming true
Well, my only fear
Is midnight is so near
Please don't disappear
Stay awhile, oh

[Outro]
(Fairytales, make-believe and you)
(Fairytales, make-believe and you)
Cinderella, stay awhile
Don't you go
Oh"
spotify:track:3RIFkp2Q4GSi0VdGJTLWUP,We've Got Forever,"Forever, Michael",Michael Jackson,1975-01-16,192853,42,False,jn3vg545bmz7gns7tlnk04mcm,2026-05-14T18:05:11Z,,Motown,0.457,0.697,10,-11.566,1,0.0829,0.155,0.000124,0.128,0.566,174.165,4,"[Intro]
(We've got forever
Forever)

[Verse 1]
I'll plant you a garden
Of laughter and tears
With rain and with sunshine
Love will grow through the years

[Pre-Chorus]
The dreams that we're dreaming
Have time to come true

[Chorus]
'Cause we've got forever
And forever is meant for so very few, mmm

[Bridge]
We shall have music
We shall have rhyme
We shall have each other
One minute after the end of time, ooh-ooh, baby

[Verse 2]
Then we'll add up the pleasures
And treasure the sums
Caring is sharing
The cake and the crumbs

[Pre-Chorus]
How lucky we are to be
Me and you

[Chorus]
'Cause we've got forever
And forever is meant for so very few

[Outro]
(We got, we got, we got, we got it) Me and you, baby
(We got, we got, we got) (Forever and forever)
(We got, we got, we got, ooh)
(We got, we got, we got) We got a million tomorrows
(We got, we got, we got, we got it) Uh, yeah

(We got, we got, we got) (Forever and forever) Yeah
(We got, we got, we got, ooh) I know that we got it
(We got, we got, we got) I know that we got it
(We got, we got, we got, we got it) Ah

(We got, we got, we got) (Forever and forever) We've got, we've got, we've got
(We got, we got, we got, ooh) Got, got, yeah
(We got, we got, we got) Uh, yeah
(We got, we got, we got, we got it) Me and you, baby

(We got, we got, we got) (Forever and forever) Uh
(We got, we got, we got, ooh)
(We got, we got, we got) We got a million tomorrows
(We got, we got, we got, we got it)

(We got, we got, we got) (Forever and forever)
(We got, we got, we got, ooh)
(We got, we got, we got)"
spotify:track:5u4kX7qmMLc4qN8xfr0pT9,Just A Little Bit Of You,"Forever, Michael",Michael Jackson,1975-01-16,194720,44,False,jn3vg545bmz7gns7tlnk04mcm,2026-05-14T18:05:11Z,,Motown,0.735,0.673,8,-9.703,1,0.0343,0.57,0.0,0.0887,0.919,110.15,4,"[Chorus]
Ooh, just a little bit of you every day
Will surely keep the doctor away
Just a little bit of you every day
Will surely keep the doctor away

[Verse 1]
I told my mama how I feel about your power
Your love can heal, can't no doctor's remedy
Ever do what you do for me

[Chorus]
Just a little bit of you every day
Will surely keep the doctor away
Eeny, weeny, teeny bit of your love
Baby, it's all I need, it's all I need

[Verse 2]
Since the day I have been loving you
I can't catch a cold, I can't catch the flu
The sweet loving you've been giving me
Has become my daily need

[Chorus]
Ooh, just a little of your love, every day
It's all I need, that's all I need
Just a little bit, baby
That's all I need, that's all I need

[Verse 3]
So don't send no doctor to my door
'Cause Doctor John has been here before
Don't you send him, just come yourself
Bring your lovin' and nothing else

[Instrumental Break]

[Chorus]
Ooh, just a, just a
Just a little bit of you every day
Will surely keep the doctor away
Just a little bit of you every day
Will surely keep the doctor away"
spotify:track:36DLONTcnfObcVEytGjymm,You Are There,"Forever, Michael",Michael Jackson,1975-01-16,205333,42,False,jn3vg545bmz7gns7tlnk04mcm,2026-05-14T18:05:11Z,,Motown,0.302,0.491,4,-8.352,1,0.0327,0.295,7.83e-05,0.105,0.257,89.145,4,"[Verse 1]
You are there like the laughter of a child
When I need just a smile
Suddenly, the sun shines for a while
Everywhere, sounds of love are everywhere
And my heart sings along
Thanks to you, I finally got a song

[Chorus]
Because you are there
You are there
You are there somewhere
Each time my world seems like it is falling down
Things look up just having you around
So every night, I say a prayer
Just because you're there

[Verse 2]
Like a rainbow after rain
Like the night follows day
You're the answer to the prayers I say

[Chorus]
And you are there
You are there
You are there somewhere
No matter where I go or what I do
You are there to help me see it through
So every night, I say a prayer
Just because you're there

[Chorus]
Ooh, you are there
Ooh, you are there somewhere
And as the years go by, we will stay as true
What you are for me, I'll be for you
And every night, I'll say a prayer
Just because you're there

[Outro]
Ooh, you are there
Ooh, you are there
Everywhere, you are there"
spotify:track:7xSCBsSlvGhMvJa5MtKLVU,Dapper Dan,"Forever, Michael",Michael Jackson,1975-01-16,192546,41,False,jn3vg545bmz7gns7tlnk04mcm,2026-05-14T18:05:11Z,,Motown,0.623,0.634,10,-9.257,0,0.0692,0.0142,0.0,0.28,0.827,161.206,4,"[Intro]
Do it, do it, he can do it, watch him do it
I got rhythm and a whole lot of soul
(He can dance) I can shake it, baby (He can dance)

[Verse 1]
I'm just a little country boy
Harmonica in my hand
I got soulful rhythm in me
I'ma get down, dancing man

[Chorus]
Shalalala, boom, boom
My name is Dapper Dan, ah
Shalalala, boom, boom
I'm a dancing man, ah

[Verse 2]
I'm gonna be king of the discotheque
That's where I can be found, ha
Master of the rhythm beat, oh
I've got the fastest feet around

[Chorus]
Shalalala, boom, boom (Shalalala, mmm)
My name is Dapper Dan
(Shalalala, mmm)
Shalalala, boom, boom (Shalalala, mmm)
I'm a dancing man, yeah (Shalalala, ooh)

[Hook]
(Do it, do it) Hey (Let's do it, do it)
Get up on the floor
(Do it, do it) Dance what you wanna (Let's do it, do it)
Let's dance, dance with me (With the dancing man)

[Bridge]
I like the way he shakes it
I like the way he shakes it
I like the way he moves it
Ooh, he sexy

[Hook]
(Do it, do it) Do it, do it, I can do it, watch me do it, I can dance, dance, dance (Dance)
(Do it, do it) Do it, do it, I can do it, let me show you I'm a dancing man (Dance)

[Verse 3]
I got rhythm and a whole lot of soul
I can dance, ah (Dance)
I got music and I know how to use it
I can sing, ah (Dance)

[Hook]
(Do it, do it) Do it, do it, I can do it, do it, do it, watch me do it
(Do it, do it) Do it, do it, I can do it, watch me do it, I can dance, dance, dance

[Harmonica Solo]

[Bridge]
I like the way he shakes it
I like the way he shakes it
I like the way he moves it
Ooh, he sexy

[Outro]
(Do it, do it) Do it, do it, I can do it, watch me do it, I can dance dance dance (Dance)
(Do it, do it) Do it, do it, I can do it, let me show you I'm a dancing man (Dance)
(He's the dancing man, he's a singing man) (Dance)
(Do it, do it) Do it, do it, I can do it, do it, do it (Let's do it, do it)
Watch me do it, do it, do it, I can do it, watch me do it, I can dance dance dance (Dance)
(Do it, do it) Do it, do it, I can do it, let me show you I'm a dancing man (Dance)
(He's the dancing man, he's a singing man) (Dance)"
spotify:track:2cpYpgS7V9z1uoTBA8FOhQ,Dear Michael,"Forever, Michael",Michael Jackson,1975-01-16,161626,45,False,jn3vg545bmz7gns7tlnk04mcm,2026-05-14T18:05:11Z,,Motown,0.549,0.604,3,-8.421,1,0.0319,0.273,3.89e-06,0.168,0.639,143.206,4,"[Verse 1]
She wrote: ""Dear Michael
You'll probably never get this letter, Michael
I wrote you a hundred times before
Knowing how I feel, I'll write a hundred more""

[Verse 2]
""Dear Michael (Michael, Michael)
Every time (She wrote) your record's on, Michael (Michael, Michael)
I close my eyes (She wrote) and sing along
Dreaming you're singing to me""

[Chorus]
And then, she wrote: ""Michael, I love you
I've held the tears back long as I can
I'm sealing my feelings in this envelope
'Cause I wanna be more than just your number one fan""

[Verse 3]
I'm gonna answer your letter (Michael, Michael)
I'll start beginning (She wrote) with the ABC's of loving you (Michael, Michael)
Your letter (She wrote) really touched my heart
I've been dreaming of
Meeting the picture that you sent along
Signed with all your love

[Break]
(Michael, Michael)
(I wrote you)
(She wrote)
I'm going to write you back, ooh
I promise you that

[Outro]
Girl, I think I love you
(Michael, Michael) (I wrote you, she wrote)
Hurry, hurry, Mr. Postman (Won't you write me back?)
(Please write me back) Take my letter, tell her I love her
(Michael, Michael) (I wrote you, she wrote)
Hurry, hurry, Mr. Postman (Won't you write me back?)
(Please write me back) Take my letter, tell her I love her
(Michael, Michael) Yeah
(I wrote you) (She wrote)
I'm gonna write you back
I promise you that
Tell her I love her
(Ooh)"
spotify:track:3QAw8W7F2jSMjsJGAXvNCP,I'll Come Home To You,"Forever, Michael",Michael Jackson,1975-01-16,184560,42,False,jn3vg545bmz7gns7tlnk04mcm,2026-05-14T18:05:11Z,,Motown,0.45,0.659,4,-10.021,1,0.0403,0.262,1.38e-05,0.216,0.462,99.833,4,"[Intro]
If I had my way, girl
I'd never leave you for a minute
But things don't always turn out
The way we want 'em to
So, while I'm away, now
I want you to remember
How much I love you
I love you, I love you

[Verse 1]
Let this love lift you up
When you're feeling blue
Wherever I go, I will be loving you
Think of me when you see
Places we once shared
Whatever I do, someday, I'll need you there
Ooh

[Chorus]
Wherever I go, whatever I do
I'll always come home
I'll come home to you

[Verse 2]
Even though we both know
You're not in my arms
Wherever I go, you're always in my heart
Ooh, just you ask, I'll come back
Though we're miles apart
Whatever I do, I'll come to where you are
Oh

[Chorus]
Wherever I go, whatever I do
I'll always come home
I'll come home to you
Oh, wherever I go, whatever I do
I'll always come home
I'll come home to you
Don't you worry, darling
Wherever I go, whatever I do
I'll always come home
I'll come home to you
Don't you worry, baby
Wherever I go, whatever I do"
